{
  "$schema": "http://json-schema.org/schema#",
  "definitions": {
    "BigQueryErrorRunFacet": {
      "allOf": [
        {
          "$ref": "https://raw.githubusercontent.com/OpenLineage/OpenLineage/main/spec/OpenLineage.json#/definitions/BaseFacet"
        },
        {
          "type": "object",
          "properties": {
            "clientError": {
              "type": "string",
              "example": "Xcom could not resolve BigQuery job id. Job may have failed"
            },
            "parserError": {
              "type": "string",
              "format": "Cannot parse sql query"
            }
          }
        }
      ],
      "type": "object"
    }
  }
}
