{
  "eventType" : "START",
  "job" : {
    "namespace" : "cachedDataset"
  },
  "inputs" : [
    {
      "namespace": "file",
      "name": "/tmp/caching/temp",
      "facets": {
        "dataSource": {
          "name": "file",
          "uri": "file"
        },
        "schema": {
          "fields": [
            {
              "name": "a",
              "type": "long"
            },
            {
              "name": "b",
              "type": "long"
            }
          ]
        }
      }
    }
  ]
}