{
  "eventType" : "COMPLETE",
  "job" : {
    "namespace" : "testAlterTable",
    "name" : "open_lineage_integration_alter_table.execute_alter_table_rename_command"
  },
  "inputs" : [ ],
  "outputs" : [ {
    "namespace" : "file",
    "name" : "/tmp/alter_test/alter_table_test_new",
    "facets" : {
      "dataSource" : {
        "name" : "file",
        "uri" : "file"
      },
      "schema" : {
        "fields" : [ {
          "name" : "a",
          "type" : "string"
        }, {
          "name" : "b",
          "type" : "string"
        }, {
          "name" : "c",
          "type" : "string"
        }, {
          "name" : "d",
          "type" : "string"
        } ]
      },
      "lifecycleStateChange" : {
        "lifecycleStateChange" : "RENAME",
        "previousIdentifier" : {
          "name" : "/tmp/alter_test/alter_table_test",
          "namespace" : "file"
        }
      },
      "symlinks": {
        "identifiers": [
          {
            "namespace": "/tmp/alter_test",
            "name": "default.alter_table_test_new",
            "type": "TABLE"
          }
        ]
      }
    }
  } ]
}