{
  "eventType": "COMPLETE",
  "job": {
    "namespace": "testReadAndWriteFromBigquery",
    "name": "open_lineage_spark_bigquery.execute_save_into_data_source_command"
  },
  "inputs": [{
    "namespace": "bigquery",
    "name": "openlineage-ci.airflow_integration.3_3_1_source",
    "facets": {
      "schema": {
        "fields": [{
          "name": "a",
          "type": "long"
        }, {
          "name": "b",
          "type": "long"
        }]
      }
    }
  }],
  "outputs": [{
    "namespace": "bigquery",
    "name": "openlineage-ci.airflow_integration.3_3_1_target"
  }]
}