{
  "eventType": "COMPLETE",
  "job": {
    "namespace": "testPysparkSQLHiveTest",
    "name": "open_lineage_integration_hive.execute_insert_into_hive_table"
  },
  "inputs": [
    {
      "namespace": "file",
      "name": "/tmp/warehouse/test",
      "facets": {
        "dataSource": {
          "name": "file",
          "uri": "file"
        },
        "schema": {
          "fields": [
            {
              "name": "key",
              "type": "integer"
            },
            {
              "name": "value",
              "type": "string"
            }
          ]
        }
      },
      "inputFacets": {}
    }
  ],
  "outputs": [
    {
      "namespace": "file",
      "name": "/tmp/warehouse/target",
      "facets": {
        "dataSource": {
          "name": "file",
          "uri": "file"
        },
        "schema": {
          "fields": [
            {
              "name": "key",
              "type": "integer"
            },
            {
              "name": "value",
              "type": "string"
            }
          ]
        },
        "symlinks": {
          "identifiers": [
            {
              "namespace": "/tmp/warehouse",
              "name": "default.target",
              "type": "TABLE"
            }
          ]
        }
      },
      "outputFacets": {}
    }
  ]
}
