{
	"eventType": "COMPLETE",
	"run": {
		"facets": {
			"spark_unknown": {
				"inputs": [{
					"description": {},
					"inputAttributes": [],
					"outputAttributes": [{
						"name": "col1",
						"type": "integer",
						"metadata": {}
					}, {
						"name": "col2",
						"type": "string",
						"metadata": {}
					}]
				}]
			},
			"spark.logicalPlan": {},
			"spark_version": {
				"spark-version": "${json-unit.any-string}",
				"openlineage-spark-version": "${json-unit.any-string}"
			}
		}
	},
	"job": {
		"namespace": "testPysparkSQLHiveOverwriteDirTest",
		"name": "open_lineage_integration_overwrite_hive.execute_insert_into_hive_dir_command"
	},
	"inputs": [],
	"outputs": [{
		"namespace": "file",
		"name": "/tmp/overwrite/table",
		"facets": {
			"schema": {
				"fields": [{
					"name": "col1",
					"type": "integer"
				}, {
					"name": "col2",
					"type": "string"
				}]
			},
			"dataSource": {
				"name": "file",
				"uri": "file"
			},
			"lifecycleStateChange": {
				"lifecycleStateChange": "OVERWRITE"
			}
		}
	}]
}