{
  "eventType": "COMPLETE",
  "run": {
    "facets": {
      "spark.logicalPlan": {},
      "spark_unknown": {},
      "spark_version": {}
    }
  },
  "job": {
    "namespace": "testPysparkKafkaReadWriteTest",
    "name": "kafka_examples.collect_limit"
  },
  "inputs": [
    {
      "namespace": "kafka://kafka:9092",
      "name": "topic1",
      "facets": {
        "dataSource": {
          "name": "kafka://kafka:9092",
          "uri": "kafka://kafka:9092"
        },
        "schema": {
          "fields": [
            {
              "name": "key",
              "type": "binary"
            },
            {
              "name": "value",
              "type": "binary"
            },
            {
              "name": "topic",
              "type": "string"
            },
            {
              "name": "partition",
              "type": "integer"
            },
            {
              "name": "offset",
              "type": "long"
            },
            {
              "name": "timestamp",
              "type": "timestamp"
            },
            {
              "name": "timestampType",
              "type": "integer"
            }
          ]
        }
      }
    }
  ],
  "outputs": []
}