{
  "eventType": "COMPLETE",
  "job": {
    "namespace": "testReadAndWriteFromBigquery",
    "name": "open_lineage_spark_bigquery.execute_insert_into_hadoop_fs_relation_command"
  },
  "inputs": [{
    "namespace": "bigquery",
    "name": "openlineage-ci.airflow_integration.3_3_1_source",
    "facets": {
      "dataSource": {
        "name": "bigquery",
        "uri": "bigquery"
      },
      "schema": {
        "fields": [{
          "name": "a",
          "type": "long"
        }, {
          "name": "b",
          "type": "long"
        }]
      }
    },
    "inputFacets": {}
  }],
  "outputs": [{
    "namespace": "gs://openlineage-spark-bigquery-integration",
    "facets": {
      "schema": {
        "fields": [{
          "name": "a",
          "type": "long"
        }, {
          "name": "b",
          "type": "long"
        }]
      },
      "columnLineage": {
        "fields": {
          "a": {
            "inputFields": [{
              "namespace": "namespace",
              "name": "openlineage-ci.airflow_integration.3_3_1_source",
              "field": "a"
            }]
          },
          "b": {
            "inputFields": [{
              "namespace": "namespace",
              "name": "openlineage-ci.airflow_integration.3_3_1_source",
              "field": "b"
            }]
          }
        }
      }
    }
  }]
}