{
  "eventType": "START",
  "job": {
    "namespace": "testCreateTable",
    "name": "open_lineage_integration_create_table.execute_create_table_command"
  },
  "inputs": [],
  "outputs": [
    {
      "namespace": "file",
      "name": "/tmp/create_test/create_table_test",
      "facets": {
        "dataSource": {
          "name": "file",
          "uri": "file"
        },
        "schema": {
          "fields": [
            {
              "name": "a",
              "type": "string"
            },
            {
              "name": "b",
              "type": "string"
            }
          ]
        },
        "lifecycleStateChange" : {
          "lifecycleStateChange" : "CREATE"
        },
        "symlinks": {
          "identifiers": [
            {
              "namespace": "/tmp/create_test",
              "name": "default.create_table_test",
              "type": "TABLE"
            }
          ]
        }
      }
    }
  ]
}
