{
  "eventType" : "COMPLETE",
  "job" : {
    "namespace" : "testCreateAsSelectAndLoad",
    "name" : "open_lineage_integration_cta_s_load.execute_load_data_command"
  },
  "inputs" : [ ],
  "outputs" : [ {
    "namespace" : "file",
    "name" : "/tmp/ctas_load/tbl1",
    "facets" : {
      "dataSource" : {
        "name" : "file",
        "uri" : "file"
      },
      "schema" : {
        "fields" : [ {
          "name" : "a",
          "type" : "long"
        }, {
          "name" : "b",
          "type" : "long"
        } ]
      },
      "symlinks": {
        "identifiers": [
          {
            "namespace": "/tmp/ctas_load",
            "name": "default.tbl1",
            "type": "TABLE"
          }
        ]
      }
    }
  } ]
}